timestamp,label,confidence
2026-10-03T20:29:38,surprise,0.8131
2026-10-03T20:29:43,disgust,0.5361
2026-10-03T20:29:43,surprise,0.5039
2026-10-03T20:29:43,disgust,0.5025
2026-10-03T20:29:43,surprise,0.6318
2026-10-03T20:29:49,disgust,0.5594
2026-10-03T20:29:50,surprise,0.5329
2026-10-03T20:29:50,disgust,0.5337
2026-10-03T20:29:50,surprise,0.5361
2026-10-03T20:29:51,disgust,0.5397
2026-10-03T20:29:52,surprise,0.5036
2026-10-03T20:29:53,disgust,0.5523
2026-10-03T20:29:54,surprise,0.5020
2026-10-03T20:29:55,disgust,0.5601
2026-10-03T20:29:55,surprise,0.5276
2026-10-03T20:29:55,disgust,0.5159
2026-10-03T20:29:55,surprise,0.5598
2026-10-03T20:29:56,disgust,0.5325
2026-10-03T20:29:59,surprise,0.5242
